t0,mae_model_24_240h,mae_persist_24_240h,mae_model,mae_persist
2024-11-01 00:00:00+00:00,1.0487913207304642,8.09462211981567,1.1288733851642527,7.42130809128631
2024-11-08 00:00:00+00:00,0.905580439167638,4.4077741935483905,0.900950564277617,4.047009336099589
2024-11-15 00:00:00+00:00,7.890143482788367,8.51505069124424,7.1587143928559485,7.6972053941908705
2024-11-22 00:00:00+00:00,63.289737222135344,28.825680875576037,57.162707361814896,26.349590248962652
2024-11-29 00:00:00+00:00,38.70590318896034,5.356442396313363,35.29906546691641,4.874171161825725
2024-12-06 00:00:00+00:00,7.279118786367953,5.5251267281106,6.749620524172961,5.075769709543568
2024-12-13 00:00:00+00:00,2.330715464227211,11.581421658986178,2.2402832126221717,10.59749585062241
2024-12-20 00:00:00+00:00,0.7106805002942064,10.72436520737327,0.7677657439679031,9.673507261410787
2024-12-27 00:00:00+00:00,2.1588066249443085,3.1749262672811054,2.0686590726227188,2.9111203319502064
2025-01-03 00:00:00+00:00,5.003228899696455,13.745199308755764,4.5497144123884645,12.59080705394191
2025-01-10 00:00:00+00:00,2.6201062012421925,16.709844470046082,2.5077378693893246,15.340128630705392
2025-01-17 00:00:00+00:00,4.11378544173702,4.301593317972353,3.7946570823321206,3.9221078838174295
2025-01-24 00:00:00+00:00,16.04809556502241,27.346033410138247,14.733541423116975,24.903996887966805
2025-01-31 00:00:00+00:00,3.124383571220433,20.369298387096777,3.326493169507545,18.411321576763488
2025-02-07 00:00:00+00:00,4.979764822472076,6.5007730414746545,4.56977898251862,5.909741701244814
2025-02-14 00:00:00+00:00,1.9370293574882542,11.422733870967743,1.9652554150339971,10.619920124481329
2025-02-21 00:00:00+00:00,3.119854590560983,16.232603686635944,2.971153703744975,14.653018672199169
2025-02-28 00:00:00+00:00,2.0099154882474974,20.97043087557604,2.1799217316560235,18.945720954356847
2025-03-07 00:00:00+00:00,1.5432702851888769,5.5856612903225775,1.499490036010742,5.108038381742736
2025-03-14 00:00:00+00:00,1.621728690714331,3.271551843317973,1.5402244785039751,2.971990663900416
2025-03-21 00:00:00+00:00,1.3507396349928897,1.6804711981566816,1.249252343395439,1.5545601659751032
2025-03-28 00:00:00+00:00,1.4152083002960627,2.0983847926267285,1.3379171217922354,1.9351649377593363
2025-04-04 00:00:00+00:00,1.140041303221531,1.89126267281106,1.0745125671006832,1.7354896265560165
2025-04-11 00:00:00+00:00,1.0301730346503895,1.007459677419354,0.9748162019183527,0.9443360995850615
2025-04-18 00:00:00+00:00,1.2289340597231817,1.5416313364055299,1.201064421768505,1.4588112033195018
2025-04-25 00:00:00+00:00,0.6836169020305581,4.387554147465438,0.6937284266839878,4.098548755186723
2025-05-02 00:00:00+00:00,0.9947281003064273,0.5799539170506911,0.9230001845537874,0.5462271784232364
2025-05-09 00:00:00+00:00,0.5868840402699835,2.8931163594470046,0.5984376528411486,2.716641078838174
2025-05-16 00:00:00+00:00,0.7584521487539265,0.3395092165898617,0.7344426175350964,0.31554564315352696
2025-05-23 00:00:00+00:00,0.5539899027951851,0.8134470046082949,0.535000271231307,0.7691452282157677
2025-05-30 00:00:00+00:00,0.8658719758767685,0.7781589861751153,0.82348432031212,0.7439481327800829
2025-06-06 00:00:00+00:00,0.44137453497609785,0.7999262672811062,0.4285977049704904,0.7582043568464731
2025-06-13 00:00:00+00:00,0.3731110467251545,0.6449838709677419,0.37713297173591076,0.6096929460580913
2025-06-20 00:00:00+00:00,0.2696414464900754,0.29321582181259603,0.28153980938791406,0.26866113416320897
2025-06-27 00:00:00+00:00,0.17828092136544202,0.404571044546851,0.20107867619275716,0.3777704011065007
2025-07-04 00:00:00+00:00,0.3915553350009127,0.1838179723502304,0.3781417501635571,0.1712935684647303
2025-07-11 00:00:00+00:00,0.3422654279453963,0.253860599078341,0.34888385587312376,0.2470964730290456
2025-07-18 00:00:00+00:00,0.7019268934979417,0.176221198156682,0.6632769092623129,0.16795539419087135
2025-07-25 00:00:00+00:00,0.22425042363575529,0.29789631336405525,0.2187127767578695,0.27561721991701243
2025-08-01 00:00:00+00:00,0.3377674084204133,0.498950460829493,0.33937886335543077,0.46656016597510375
2025-08-08 00:00:00+00:00,0.531312025489071,0.15453110599078346,0.4843628743370044,0.14511618257261416
2025-08-15 00:00:00+00:00,0.3733456285554692,0.09971889400921663,0.34340873549439593,0.10293983402489629
2025-08-22 00:00:00+00:00,0.3044674689736783,0.25556797235023043,0.2872878794531604,0.24515352697095436
2025-08-29 00:00:00+00:00,1.892425115682013,0.31619239631336404,1.7473445770552545,0.3083350622406639
2025-09-05 00:00:00+00:00,0.6864221727243767,0.4413594470046083,0.629205346532877,0.43543568464730287
2025-09-12 00:00:00+00:00,0.4802290630780058,0.4651221198156682,0.4414183170429404,0.429701244813278
2025-09-19 00:00:00+00:00,0.3864010631181128,0.6470161290322579,0.3644599843326941,0.5990280082987551
2025-09-26 00:00:00+00:00,0.26507880875372114,0.2487327188940092,0.24847116531079239,0.2391058091286307
2025-10-03 00:00:00+00:00,0.5351239258199243,0.4170069124423963,0.4974252403029762,0.39080497925311203
2025-10-10 00:00:00+00:00,0.4050729069566946,0.25455299539170506,0.4290783536928819,0.2959834024896265
2025-10-17 00:00:00+00:00,0.6622350508628353,0.9969251152073731,0.6019625902789262,0.9027157676348548
2025-10-24 00:00:00+00:00,1.1485212414165797,2.1898698156682026,1.0611267541857181,2.0177064315352697
2025-10-31 00:00:00+00:00,1.1260080115366642,0.7909112903225806,1.0418480532693664,0.7211659751037344
2025-11-07 00:00:00+00:00,6.610998781423963,10.087979262672814,5.975874583127588,9.087803941908714
2025-11-14 00:00:00+00:00,10.5832954976306,18.149062211981565,9.799844980485213,16.848566390041494
2025-11-21 00:00:00+00:00,2.8443669317570697,2.563748847926267,2.6441781085635614,2.3947541493775932
2025-11-28 00:00:00+00:00,6.4121564733971095,10.860975806451615,5.806092597929768,9.864427385892117
2025-12-05 00:00:00+00:00,5.782803997268325,7.971585253456221,5.5682610205179435,7.449167012448132
2025-12-12 00:00:00+00:00,12.10722100084718,3.776282258064515,11.37369948872293,3.511652489626554
2025-12-19 00:00:00+00:00,15.645338893064157,6.332774193548387,14.355117987668365,5.884673236514524
2025-12-26 00:00:00+00:00,1.5774300288187195,19.312397465437787,1.5803355626782936,17.622457468879666
2026-01-02 00:00:00+00:00,2.426745855797271,6.121854838709676,2.400996124520836,5.548487551867218
