t0,model,winter,mae,jump_6h,mae_0_24h,mae_24_72h,mae_72_240h,recession_violation_frac
2024-11-01 00:00:00+00:00,May 2026,True,0.09398567130423845,0.025353733062744133,0.03610250691413879,0.050716336188673175,0.11468972732799763,0.008333333333333333
2024-11-01 00:00:00+00:00,June 2026,True,0.10090209163339967,0.0014029372533162499,0.03778474776268006,0.05964006565217259,0.12184160947564555,0.0
2024-11-01 00:00:00+00:00,September 2026,True,0.1653388558837553,0.0033634923140207496,0.04970474532318114,0.11438618012999192,0.1966155117014221,0.0
2024-11-08 00:00:00+00:00,May 2026,True,0.03810579358146399,0.01850186548630396,0.010340741979281108,0.019413101388483626,0.04738444258099242,0.008333333333333333
2024-11-08 00:00:00+00:00,June 2026,True,0.08745902771920089,0.006931426505247755,0.016867721330324804,0.058065083214214865,0.10597420806339271,0.0
2024-11-08 00:00:00+00:00,September 2026,True,0.061065366965969245,0.008724428615305169,0.019973862867673255,0.06195615793653086,0.06655180975788916,0.0
2024-11-15 00:00:00+00:00,May 2026,True,0.18213391968043846,0.009452720115582151,0.015122141601244605,0.02694530234896407,0.2523185049913278,0.008333333333333333
2024-11-15 00:00:00+00:00,June 2026,True,0.15508133239564248,0.00562327281634013,0.020397507223288217,0.06450159850534128,0.20205306335096435,0.0
2024-11-15 00:00:00+00:00,September 2026,True,0.14642344425190953,0.004233333333333336,0.005868579233646396,0.09079233080108148,0.1832069004272539,0.0
2024-11-22 00:00:00+00:00,May 2026,True,0.11261348602649746,0.0648840073744456,0.08895657246271771,0.19578207383350454,0.09264926280918911,0.11666666666666667
2024-11-22 00:00:00+00:00,June 2026,True,0.22432674785504533,0.007145208676656088,0.03326988061587017,0.1733830351488931,0.26717677148653435,0.0
2024-11-22 00:00:00+00:00,September 2026,True,0.154216892543769,0.0066047029495238845,0.04054146642367042,0.13431823712952282,0.1762411196428408,0.0
2024-11-29 00:00:00+00:00,May 2026,True,0.11485501089267544,0.03809190988540645,0.03607425528208414,0.07007842444076015,0.13905785595782882,0.10833333333333334
2024-11-29 00:00:00+00:00,June 2026,True,0.12535169131264481,0.014423898855845088,0.030030020052591953,0.05600423025273948,0.1587392789786149,0.0
2024-11-29 00:00:00+00:00,September 2026,True,0.062287810254261826,0.011323196347554373,0.03255588276926649,0.05464847454019136,0.06889816574664745,0.0
2024-12-06 00:00:00+00:00,May 2026,True,0.13777180978899015,0.030039743608898568,0.0503149314244588,0.08498261930504623,0.16543121681834116,0.008333333333333333
2024-12-06 00:00:00+00:00,June 2026,True,0.12812792206140314,0.008351447767681522,0.03632928721745807,0.07517759441842838,0.15647973404551407,0.0
2024-12-06 00:00:00+00:00,September 2026,True,0.10647693327498858,0.012610626003477288,0.016175878485361724,0.025462025992724364,0.1424239528102996,0.0
2024-12-13 00:00:00+00:00,May 2026,True,0.08522072618235195,0.03756372674306232,0.025111605434417754,0.03189166191646031,0.10894014034186593,0.23333333333333334
2024-12-13 00:00:00+00:00,June 2026,True,0.08276831597160626,0.0070432609875996826,0.03008461100387549,0.027645085624123242,0.10591375390396987,0.0
2024-12-13 00:00:00+00:00,September 2026,True,0.22789289938516477,0.007180840778350905,0.045464216739654624,0.15067687074829939,0.27638264299802767,0.0
2024-12-20 00:00:00+00:00,May 2026,True,0.10535083536752195,0.009369230800204761,0.00620314202626544,0.044701349203278416,0.13710211452318602,0.008333333333333333
2024-12-20 00:00:00+00:00,June 2026,True,0.13141868878598034,0.005683875613742358,0.013649488118489539,0.046852817632714074,0.1724095413002977,0.0
2024-12-20 00:00:00+00:00,September 2026,True,0.12292002520607383,0.004458577097786798,0.01562872763188682,0.04768944477872783,0.15982444148750227,0.0
2024-12-27 00:00:00+00:00,May 2026,True,0.07642918460530694,0.026798326849937437,0.027922317914962774,0.023757705813362482,0.09842364183356304,0.008333333333333333
2024-12-27 00:00:00+00:00,June 2026,True,0.12349576725702563,0.0023701302210489827,0.0026517848587036185,0.030689752653342523,0.16701601552069778,0.0
2024-12-27 00:00:00+00:00,September 2026,True,0.05626120704529526,0.007231099923451695,0.009313914209365826,0.04431084957576935,0.06632769606099327,0.0
2025-01-03 00:00:00+00:00,May 2026,True,0.15826137087025255,0.033446318348248814,0.03734992834409078,0.058746777755062596,0.2035880594535692,0.30833333333333335
2025-01-03 00:00:00+00:00,June 2026,True,0.15163091240997734,0.02641022348403932,0.031024400914510097,0.06836970499421464,0.19201328016061195,0.0
2025-01-03 00:00:00+00:00,September 2026,True,0.14620950152883885,0.0031883585135142056,0.03688135197512309,0.0678479454338956,0.18443550844587517,0.0
2025-01-10 00:00:00+00:00,May 2026,True,0.05745711988527902,0.11596357878049213,0.06459089172363282,0.07142866184597924,0.05230813766818449,0.19166666666666668
2025-01-10 00:00:00+00:00,June 2026,True,0.09796205106235584,0.006304125658671056,0.09576996227264367,0.18788227191717266,0.07265022704859724,0.0
2025-01-10 00:00:00+00:00,September 2026,True,0.15759134524022061,0.010313233057657892,0.09961870373535123,0.19189137931615957,0.15642809108481256,0.0
2025-01-17 00:00:00+00:00,May 2026,True,0.11049789709108335,0.038911713719367975,0.02987077045758566,0.05168879253199311,0.13878004243623104,0.008333333333333333
2025-01-17 00:00:00+00:00,June 2026,True,0.09720452893225484,0.023977064649264013,0.015303643058141081,0.059011747707315036,0.11983221327106393,0.0
2025-01-17 00:00:00+00:00,September 2026,True,0.060935956854774084,0.03151667950948078,0.014250569470087689,0.030081544027847504,0.0762855438745939,0.0
2025-01-24 00:00:00+00:00,May 2026,True,0.1431963190466166,0.029041166610187963,0.07046558307965597,0.3038131842191527,0.10901383850877246,0.0
2025-01-24 00:00:00+00:00,June 2026,True,0.1541011943105194,0.007616361485587235,0.018001681636174514,0.11594392806332124,0.18551392163076097,0.0
2025-01-24 00:00:00+00:00,September 2026,True,0.10496479437867799,0.04110020285977257,0.07789357979329427,0.0594501390132774,0.12249557256320169,0.0
2025-01-31 00:00:00+00:00,May 2026,True,0.09286761824421862,0.011641384442647321,0.04613532366434733,0.1757368109080256,0.07650715009042261,0.2916666666666667
2025-01-31 00:00:00+00:00,June 2026,True,0.036334415192359325,0.008612483787536393,0.02163665175119951,0.030994883070186087,0.039899280856299194,0.0
2025-01-31 00:00:00+00:00,September 2026,True,0.1428270331323398,0.030132370122273693,0.026530625432332835,0.02356588456679503,0.1932854386124621,0.0
2025-02-07 00:00:00+00:00,May 2026,True,0.1614799808057677,0.01698442653814955,0.009981679754257218,0.09214065292903355,0.20330201408660858,0.0
2025-02-07 00:00:00+00:00,June 2026,True,0.11805766869448692,0.008136124849319424,0.01110009557723999,0.09789306954461702,0.1392815124165612,0.0
2025-02-07 00:00:00+00:00,September 2026,True,0.10780143931198913,0.004845833333333309,0.010633638499577816,0.04283008821643129,0.14001195868608748,0.0
2025-02-14 00:00:00+00:00,May 2026,True,0.059706941178890346,0.03674800674120582,0.07587821944872537,0.024483283977119286,0.06746954884190531,0.016666666666666666
2025-02-14 00:00:00+00:00,June 2026,True,0.18721329024223865,0.004340503851572623,0.09321275189081826,0.11678650393777965,0.22097470222187232,0.0
2025-02-14 00:00:00+00:00,September 2026,True,0.08173789575762763,0.006637763468424429,0.08814468524424202,0.08310422510516886,0.08046542729052329,0.0
2025-02-21 00:00:00+00:00,May 2026,True,0.1005712847952397,0.049938039978345235,0.03611516708691916,0.15427725051049476,0.09536517024563695,0.008333333333333333
2025-02-21 00:00:00+00:00,June 2026,True,0.13295086344442333,0.008770120962460826,0.02724278110758462,0.11282088589830465,0.15499436686947998,0.0
2025-02-21 00:00:00+00:00,September 2026,True,0.11251748260400961,0.010818472592035925,0.01898707234891257,0.02958264585579335,0.1501168266259269,0.0
2025-02-28 00:00:00+00:00,May 2026,True,0.03679213259642427,0.03514790129661558,0.052154547484024726,0.05893130583990188,0.028747642388240353,0.2916666666666667
2025-02-28 00:00:00+00:00,June 2026,True,0.06585899621785134,0.021279150931040564,0.018614120172418012,0.10530409094557332,0.060988904590341786,0.0
2025-02-28 00:00:00+00:00,September 2026,True,0.13606325338009756,0.015155525032679251,0.01375144131287288,0.11160869072116024,0.15910567196633366,0.0
2025-03-07 00:00:00+00:00,May 2026,True,0.06301039745929363,0.030312943882412385,0.017880817451477047,0.04045677384065122,0.07763236603313022,0.008333333333333333
2025-03-07 00:00:00+00:00,June 2026,True,0.10374269280562529,0.0026892656352784927,0.01697702447891235,0.020999024963703285,0.14431286077870262,0.0
2025-03-07 00:00:00+00:00,September 2026,True,0.11126656176542736,0.002796658272213398,0.03232728576850891,0.08105784896441867,0.13384555555555555,0.0
2025-03-14 00:00:00+00:00,May 2026,True,0.02556791112209723,0.004068470954895015,0.006390810790161286,0.014183573177071654,0.031520215351256965,0.0
2025-03-14 00:00:00+00:00,June 2026,True,0.031114914364543392,0.0017259637117385818,0.008621458741525803,0.008896683964599555,0.041062559043297746,0.0
2025-03-14 00:00:00+00:00,September 2026,True,0.03189816814662965,0.003432803392410283,0.006773404378692317,0.009981292517006817,0.04203110328638497,0.0
2025-03-21 00:00:00+00:00,May 2026,True,0.039968975151978774,0.02919302746984694,0.02581499975919723,0.03547382077878835,0.04406172931651703,0.0
2025-03-21 00:00:00+00:00,June 2026,True,0.1767145592303826,0.002878970252143014,0.013771396749019624,0.03715588163194203,0.25356103173720185,0.0
2025-03-21 00:00:00+00:00,September 2026,True,0.014885074924066733,0.005693538053830459,0.009940172106583909,0.015367820520790257,0.015589303610564993,0.0
2025-04-04 00:00:00+00:00,May 2026,False,0.02143262862891247,0.001456610694527627,0.004817167952458064,0.013962261399849742,0.02604571405870204,0.008333333333333333
2025-04-04 00:00:00+00:00,June 2026,False,0.028441949534630546,0.005877020642161369,0.008777005272308987,0.01895033005346246,0.034054596528205174,0.0
2025-04-04 00:00:00+00:00,September 2026,False,0.019025492867081325,0.0010776430269082392,0.010890376856724423,0.02965994266020197,0.017283674022443664,0.0
2025-04-11 00:00:00+00:00,May 2026,False,0.014029369880784083,0.01194191211213668,0.014489245460629463,0.018858897141453366,0.012618333937629646,0.008333333333333333
2025-04-11 00:00:00+00:00,June 2026,False,0.0460378864439279,0.02040524382392565,0.021464187027812005,0.024702977134155573,0.0555936710616423,0.0
2025-04-11 00:00:00+00:00,September 2026,False,0.0116960209572917,0.013808922188480692,0.019420101932764052,0.019563676476073093,0.008272673568664452,0.0
2025-04-18 00:00:00+00:00,May 2026,False,0.03219448833558116,0.010565117609997591,0.0069755622635285066,0.007304692683557724,0.04282881046921801,0.008333333333333333
2025-04-18 00:00:00+00:00,June 2026,False,0.10743322547621005,0.023485147170722486,0.03300871757964294,0.08514056078146914,0.1245857267504378,0.0
2025-04-18 00:00:00+00:00,September 2026,False,0.013052671350598498,0.014762499999999998,0.01718611631242434,0.01578669618191767,0.011676367225290755,0.0
2025-04-25 00:00:00+00:00,May 2026,False,0.04080258166963134,0.02926575478911399,0.03334756846944491,0.04518972538948869,0.04067567571239358,0.0
2025-04-25 00:00:00+00:00,June 2026,False,0.03179538553573943,0.008916549811760585,0.011418456045587859,0.008270023916144755,0.04136477893088344,0.0
2025-04-25 00:00:00+00:00,September 2026,False,0.009023068161681809,0.0070503863910834005,0.010734260431607565,0.009013833527358205,0.00875655297314862,0.0
2025-05-02 00:00:00+00:00,May 2026,False,0.015396740902458697,0.011901649381758438,0.008972192523851985,0.010464094038495195,0.017723214164345028,0.0
2025-05-02 00:00:00+00:00,June 2026,False,0.008621994522364208,0.004487121193617997,0.003909883907462163,0.003992552803759345,0.010576684369759075,0.0
2025-05-02 00:00:00+00:00,September 2026,False,0.010459766193430354,0.0011819444444444444,0.003630588060165454,0.007545778026221465,0.012279263890206933,0.0
2025-05-09 00:00:00+00:00,May 2026,False,0.0063400505270188754,0.014626193668279391,0.006895420222558703,0.006117472626725024,0.006325455354029112,0.008333333333333333
2025-05-09 00:00:00+00:00,June 2026,False,0.016140044498406468,0.005710978723105241,0.012862381422988449,0.008431294212082151,0.019111617517639075,0.0
2025-05-09 00:00:00+00:00,September 2026,False,0.010681981472533564,0.005665582624657296,0.01342304689260324,0.00947793098347306,0.010668771029176564,0.0
2025-05-16 00:00:00+00:00,May 2026,False,0.037140354713107594,0.014127260506153108,0.010820489954948422,0.007190692104044415,0.049343006027600785,0.0
2025-05-16 00:00:00+00:00,June 2026,False,0.03703064462916093,0.003567897836367289,0.004678488073746365,0.005335629754579392,0.05061919585245807,0.0
2025-05-16 00:00:00+00:00,September 2026,False,0.050940464405045634,0.0017097222222222219,0.006650333333333334,0.018377985169449634,0.06645831744563885,0.0
2025-05-23 00:00:00+00:00,May 2026,False,0.02188206348700106,0.026021496889491878,0.033627338608702026,0.03118691812526612,0.017490085097121653,0.008333333333333333
2025-05-23 00:00:00+00:00,June 2026,False,0.02203915088346555,0.0012735411375761018,0.00609610285838445,0.005538285620966736,0.029049060459437923,0.0
2025-05-23 00:00:00+00:00,September 2026,False,0.02163965718468772,0.004345833333333335,0.010167333333333332,0.01507598354236609,0.025169379688020525,0.0
2025-05-30 00:00:00+00:00,May 2026,False,0.02089234734095227,0.013222144524256388,0.019766330566803613,0.023722272260253936,0.020302896453576306,0.008333333333333333
2025-05-30 00:00:00+00:00,June 2026,False,0.02374684451568044,0.005728078777591387,0.006402812531590462,0.006795753778750394,0.031097956080521856,0.0
2025-05-30 00:00:00+00:00,September 2026,False,0.014977800254047746,0.002179166666666666,0.0034829999999999996,0.010168775405972994,0.018001825417879792,0.0
2025-06-06 00:00:00+00:00,May 2026,False,0.02714006115752895,0.01629978113571803,0.015850201676703164,0.020720841100832235,0.03055757051477411,0.008333333333333333
2025-06-06 00:00:00+00:00,June 2026,False,0.03517241275176385,0.0010659188707669563,0.002842510583086146,0.01379329882329013,0.045949688202286336,0.0
2025-06-06 00:00:00+00:00,September 2026,False,0.022470058171729833,0.0077052577070395156,0.009770229552603432,0.013061954480247434,0.027001868564590636,0.0
2025-06-13 00:00:00+00:00,May 2026,False,0.0361494398373991,0.015010598907868067,0.01919561809897423,0.03091814780924596,0.04018990379673784,0.008333333333333333
2025-06-13 00:00:00+00:00,June 2026,False,0.01642895380597733,0.0075035245617230744,0.006483511117696762,0.006428783155825673,0.020676545590876103,0.0
2025-06-13 00:00:00+00:00,September 2026,False,0.01429125832256496,0.0016541666666666673,0.005948,0.017706001478088956,0.01458483033932136,0.0
2025-06-20 00:00:00+00:00,May 2026,False,0.03168545799733075,0.01790389862408241,0.025449016686081887,0.03296951929210221,0.032189484050096334,0.008333333333333333
2025-06-20 00:00:00+00:00,June 2026,False,0.009949297845961312,0.009544851476947466,0.008796084690491358,0.010573738187146025,0.009948928120426644,0.0
2025-06-20 00:00:00+00:00,September 2026,False,0.013079643861333198,0.002220833333333335,0.006382999999999997,0.018250789031487746,0.012510831408511251,0.0
2025-06-27 00:00:00+00:00,May 2026,False,0.033856903208271796,0.022844897814095017,0.02875099293291569,0.03726204696485811,0.033628494900992005,0.008333333333333333
2025-06-27 00:00:00+00:00,June 2026,False,0.012119408543246541,0.0022798516650994628,0.0049864102631807326,0.004928239613467333,0.015207273895301002,0.0
2025-06-27 00:00:00+00:00,September 2026,False,0.010644591836629205,0.005545833333333333,0.011404063944578172,0.014739795918367346,0.009340404040404041,0.0
2025-07-04 00:00:00+00:00,May 2026,False,0.010992827898538112,0.0019332798446218176,0.007593694684704144,0.008197030766480633,0.012244343368588142,0.0
2025-07-04 00:00:00+00:00,June 2026,False,0.010279570816962359,0.005585035222272078,0.006053540240327517,0.012038233246223455,0.010432873054014313,0.0
2025-07-04 00:00:00+00:00,September 2026,False,0.022951663640313345,0.008259693520764512,0.018094931878646213,0.019983129681575867,0.02448327826869608,0.0
2025-07-11 00:00:00+00:00,May 2026,False,0.0311278996760358,0.019428116367508966,0.023461430073678496,0.034184496632010564,0.03137154327959733,0.008333333333333333
2025-07-11 00:00:00+00:00,June 2026,False,0.010352688326421779,0.006498201496899128,0.007264079664349557,0.008611339413693972,0.011236920483160535,0.0
2025-07-11 00:00:00+00:00,September 2026,False,0.01986370775347181,0.0013625,0.005817000000000001,0.024043669505954598,0.020674037550621957,0.0
2025-07-18 00:00:00+00:00,May 2026,False,0.029802278049135607,0.0021557427297035853,0.015098818984429043,0.014671040250330556,0.03623783495675412,0.0
2025-07-18 00:00:00+00:00,June 2026,False,0.026471393909815434,0.0028960841571291293,0.015213852780858678,0.008871755222884976,0.033056447578487545,0.0
2025-07-18 00:00:00+00:00,September 2026,False,0.01210486720122325,0.0026125000000000015,0.017117,0.007618176691386165,0.012588319707287136,0.0
2025-07-25 00:00:00+00:00,May 2026,False,0.03310291591497914,0.01715729975948731,0.024252910928924877,0.039072186197958846,0.03271556848909199,0.008333333333333333
2025-07-25 00:00:00+00:00,June 2026,False,0.005835868938510431,0.0007043244807670514,0.004037547749032577,0.0035189624629458596,0.0067225857964281505,0.0
2025-07-25 00:00:00+00:00,September 2026,False,0.023179073722398795,0.005320833333333334,0.009010333333333334,0.02227965950793555,0.025455104913849096,0.0
2025-08-01 00:00:00+00:00,May 2026,False,0.03062967516032301,0.01823773965694838,0.018312715774873894,0.025071637868310234,0.033963789800215055,0.008333333333333333
2025-08-01 00:00:00+00:00,June 2026,False,0.016544737368636604,0.0014740225440926019,0.003862152163585027,0.00707763555554711,0.021076847227867065,0.0
2025-08-01 00:00:00+00:00,September 2026,False,0.02079470233005854,0.006834722222222221,0.011953228324929874,0.025494046180933514,0.020734832129358543,0.0
2025-08-08 00:00:00+00:00,May 2026,False,0.022913973633782166,0.022327843386679886,0.02641855423559746,0.022426082488225436,0.022463056432762914,0.008333333333333333
2025-08-08 00:00:00+00:00,June 2026,False,0.006916185949621192,0.0034413323421031237,0.006035560382952289,0.006069669975842136,0.007255254127746501,0.0
2025-08-08 00:00:00+00:00,September 2026,False,0.021598844392533782,0.0027375,0.007540333333333336,0.0219856800114622,0.0234409162408619,0.0
2025-08-15 00:00:00+00:00,May 2026,False,0.009291085331104381,0.01011979018089672,0.01273040503397584,0.013189493929853245,0.007623032350074822,0.008333333333333333
2025-08-15 00:00:00+00:00,June 2026,False,0.004235927345654322,0.001020147950388491,0.0037863800906389957,0.005543207141361674,0.003895638182194421,0.0
2025-08-15 00:00:00+00:00,September 2026,False,0.015075968188105127,0.0049458333333333325,0.008546999999999999,0.01976122448979592,0.014621794871794882,0.0
2025-08-22 00:00:00+00:00,May 2026,False,0.019295517949808473,0.0026318321580377445,0.005501651519425202,0.017508520971746103,0.021838329681949247,0.0
2025-08-22 00:00:00+00:00,June 2026,False,0.012361536362761405,0.0007962523380605161,0.005564206642247743,0.005895228694658734,0.015190712098586598,0.0
2025-08-22 00:00:00+00:00,September 2026,False,0.01639626096480889,0.004737500000000027,0.010447000000000017,0.017327040816326546,0.0169845394735365,0.0
2025-08-29 00:00:00+00:00,May 2026,False,0.019126707253995047,0.004598999130229156,0.008202336234276495,0.018968177741264098,0.02073538591401763,0.008333333333333333
2025-08-29 00:00:00+00:00,June 2026,False,0.0052530784370363225,0.0025301109031618885,0.003486283442818868,0.004871621431912192,0.005611270816084069,0.0
2025-08-29 00:00:00+00:00,September 2026,False,0.01462906004310954,0.004267186143994332,0.004394189584737021,0.017804542159454692,0.015203652229204955,0.0
2025-09-05 00:00:00+00:00,May 2026,False,0.024637490709355413,0.025701216788341603,0.01779318031400442,0.018673824504527054,0.02729121195854131,0.0
2025-09-05 00:00:00+00:00,June 2026,False,0.007491901650941009,0.012012114028135935,0.010023449887633323,0.004246921486823131,0.008005899772024002,0.0
2025-09-05 00:00:00+00:00,September 2026,False,0.012314610212431248,0.004304166666666667,0.007439666666666669,0.021982993197278915,0.01019474986900945,0.0
2025-09-12 00:00:00+00:00,May 2026,False,0.007677116478555014,0.008579462534437577,0.0073029549492895605,0.010562178247031708,0.006911327856524862,0.0
2025-09-12 00:00:00+00:00,June 2026,False,0.006160530558332569,0.0010059090675786136,0.0024761888971179726,0.00519878638913335,0.006969938189654625,0.0
2025-09-12 00:00:00+00:00,September 2026,False,0.016422686673255638,0.006516666666666667,0.012846302057832479,0.016548655485366888,0.016861333438836383,0.0
2025-09-19 00:00:00+00:00,May 2026,False,0.017361615980493517,0.001932280687615285,0.008315653436059762,0.01877738332302392,0.018373700682415527,0.008333333333333333
2025-09-19 00:00:00+00:00,June 2026,False,0.01017234926371064,0.0036932716211303973,0.004608798394054165,0.011222100360977911,0.010774078580395176,0.0
2025-09-19 00:00:00+00:00,September 2026,False,0.009435487603134344,0.0013458333333333423,0.005419666666666676,0.015605792212344354,0.008052464934370132,0.0
2025-09-26 09:00:00+00:00,May 2026,False,0.0140074528999806,0.007429736870858426,0.0033127960715442946,0.008604094075913334,0.017064770773169122,0.008333333333333333
2025-09-26 09:00:00+00:00,June 2026,False,0.02259735293334471,0.005590507562944875,0.007851301558253667,0.008971474376792205,0.02855439948797027,0.0
2025-09-26 09:00:00+00:00,September 2026,False,0.013482882525952714,0.004806944444444465,0.003787000000000005,0.016247813516611958,0.014029265419490039,0.0
2025-10-03 00:00:00+00:00,May 2026,False,0.02583349902841313,0.022741552507711784,0.01349617963174979,0.01594539017123835,0.03035224767975671,0.008333333333333333
2025-10-03 00:00:00+00:00,June 2026,False,0.013157312261772804,0.001155196722389923,0.002353303544297814,0.017308056489184345,0.013586233999438696,0.0
2025-10-03 00:00:00+00:00,September 2026,False,0.017955164078088226,0.004968449743919903,0.003758702232996623,0.017499281316995626,0.020180966469428012,0.0
2025-10-10 00:00:00+00:00,May 2026,False,0.009623602243313437,0.005451734536637862,0.006403636594911416,0.007088937961730837,0.010817603074918646,0.0
2025-10-10 00:00:00+00:00,June 2026,False,0.016618555047829827,0.00047442130992809945,0.0044301944018403745,0.009491651678369168,0.02033169034536504,0.0
2025-10-10 00:00:00+00:00,September 2026,False,0.025204627099105602,0.010241518003245196,0.014207622098128005,0.029536012930934937,0.025569549594992955,0.0
2025-10-17 00:00:00+00:00,May 2026,False,0.013375373628710956,0.015056853535274667,0.018917032205561797,0.022034339147360145,0.01006857530260424,0.008333333333333333
2025-10-17 00:00:00+00:00,June 2026,False,0.027653952006041052,0.0036303472748647134,0.005932652414056162,0.022018696817134264,0.03244923585450507,0.0
2025-10-17 00:00:00+00:00,September 2026,False,0.013075669156697119,0.0024458333333333333,0.0029236666666666664,0.011064275202378123,0.015053615955455886,0.0
2025-10-24 00:00:00+00:00,May 2026,False,0.026652143741157912,0.005075506091117859,0.0036694145202636713,0.021450247834151497,0.031506781956353605,0.008333333333333333
2025-10-24 00:00:00+00:00,June 2026,False,0.027735165469263405,0.0012117368932813403,0.008095021979088584,0.03482939959598743,0.028615220731532078,0.0
2025-10-24 00:00:00+00:00,September 2026,False,0.01812892014316257,0.0023208333333332777,0.005095673301855722,0.015641923951758008,0.02077080889769207,0.0
2025-10-31 00:00:00+00:00,May 2026,False,0.00493864784576344,0.016524719653030234,0.01180894475099941,0.004896186582338644,0.003932454941942479,0.008333333333333333
2025-10-31 00:00:00+00:00,June 2026,False,0.0342190156779194,0.004889120545238257,0.008666769993255535,0.03439654213620894,0.037909105293996465,0.0
2025-10-31 00:00:00+00:00,September 2026,False,0.01214388846430263,0.0019690928290287658,0.005949431101972859,0.013406645307925586,0.012645951066548245,0.0
2025-11-07 00:00:00+00:00,May 2026,True,0.25380154749304484,0.029066824873288474,0.025184554780423644,0.06581049477972951,0.3442721818423913,0.008333333333333333
2025-11-07 00:00:00+00:00,June 2026,True,0.09493252256095104,0.0030250339893003303,0.013769998319745062,0.028603809325873447,0.12690286290488675,0.0
2025-11-07 00:00:00+00:00,September 2026,True,0.1328436829321907,0.003737500000000001,0.00781661017560959,0.011839774137451537,0.18754008476687575,0.0
2025-11-14 00:00:00+00:00,May 2026,True,0.30684087863698967,0.021869662662347158,0.10362009503082796,0.34676562469265076,0.3223993909412374,0.008333333333333333
2025-11-14 00:00:00+00:00,June 2026,True,0.10366760384522822,0.01501725765069326,0.07081509859995408,0.10216748595156636,0.1082156104366975,0.0
2025-11-14 00:00:00+00:00,September 2026,True,0.2964025195922567,0.009993713886208006,0.04420807004029101,0.303864585873221,0.32824048291494445,0.0
2025-11-21 00:00:00+00:00,May 2026,True,0.18860159146218072,0.0077402386267979946,0.012534517431259154,0.03407155191979441,0.25916543379270407,0.03333333333333333
2025-11-21 00:00:00+00:00,June 2026,True,0.21906976860992,0.022237494675318353,0.025567995527267278,0.05607026038040107,0.2942365381437127,0.0
2025-11-21 00:00:00+00:00,September 2026,True,0.02996055978840473,0.01133156083159976,0.01148792189788819,0.022559419896326916,0.03464653954735721,0.0
2025-11-28 00:00:00+00:00,May 2026,True,0.13190418735709458,0.013569562435150164,0.016694509231381948,0.09665084989541242,0.15829160376554413,0.008333333333333333
2025-11-28 00:00:00+00:00,June 2026,True,0.09729139773117174,0.01375117778778078,0.018322969151867766,0.07682348280374696,0.11438593097410261,0.0
2025-11-28 00:00:00+00:00,September 2026,True,0.04554386671337817,0.028147779496510844,0.027964684751961066,0.027151812711378353,0.05298821015536667,0.0
2025-12-05 00:00:00+00:00,May 2026,True,0.061424501111728334,0.07866910012563072,0.07450149674733479,0.07655961511573009,0.05520096251527232,0.025
2025-12-05 00:00:00+00:00,June 2026,True,0.03734942056898588,0.008154166666666685,0.01889666876474987,0.03576797998648936,0.04052764206007856,0.0
2025-12-05 00:00:00+00:00,September 2026,True,0.14410201583508797,0.02326386280059813,0.05281142514673861,0.06008389336657363,0.18109259244441042,0.0
2025-12-12 00:00:00+00:00,May 2026,True,0.18924827385674206,0.06768086624145501,0.0763492497062683,0.14533707299848797,0.21829822198785034,0.15833333333333333
2025-12-12 00:00:00+00:00,June 2026,True,0.18803303228011672,0.012850046634674114,0.01810224193572999,0.08555506438560276,0.24171801133654386,0.0
2025-12-12 00:00:00+00:00,September 2026,True,0.08316639715738149,0.013779334481557326,0.017036216003417745,0.0834951034481017,0.09290505126430218,0.0
2025-12-19 00:00:00+00:00,May 2026,True,0.2650892475869921,0.03471349249945747,0.035285932566324875,0.11077002601883036,0.3423813639179109,0.30833333333333335
2025-12-19 00:00:00+00:00,June 2026,True,0.19402405512293117,0.011790548059675424,0.012011074981689455,0.0514661843500976,0.26116515999048395,0.0
2025-12-19 00:00:00+00:00,September 2026,True,0.17354261422898987,0.005471774281395891,0.01417322582753494,0.06397160222319496,0.22803796878012336,0.0
2025-12-26 00:00:00+00:00,May 2026,True,0.039648500160887355,0.03337934260898168,0.018341239147186297,0.019644387284103688,0.04822090030609972,0.2
2025-12-26 00:00:00+00:00,June 2026,True,0.09992147908586721,0.005315245352851143,0.01772530804189113,0.050467298301386875,0.125748497305349,0.0
2025-12-26 00:00:00+00:00,September 2026,True,0.25080836769278125,0.0053152777777778866,0.019060883183797603,0.11872807286710152,0.321588826256626,0.0
2026-01-02 00:00:00+00:00,May 2026,True,0.0746864220810487,0.07239385668436692,0.09272159890174869,0.0753788718593364,0.07191365053218865,0.008333333333333333
2026-01-02 00:00:00+00:00,June 2026,True,0.05943451165361667,0.05383707308769231,0.08089350775718693,0.042114506127882985,0.061506054606827544,0.0
2026-01-02 00:00:00+00:00,September 2026,True,0.06223890962951628,0.04497528374195101,0.050281651725769066,0.014180394634908569,0.07839766524372861,0.0
