location,name,physics,n,mae,mae_0_24h,mae_24_72h,mae_72_240h,jump_6h,recession_violation_frac,winter_mae,dry24_mae_0_24h,wet24_mae_0_24h,n_dry24,n_wet24
isis,experiment_2026_09_isis,off,59,0.04720880584352552,0.016904934641668173,0.03422354107184982,0.055388474378965234,0.00929017772772565,0.037217514124293784,0.08880201939359798,0.016400714996498984,0.01775294040854362,37,22
isis,experiment_2026_09_isis,recession,59,0.047306170190517964,0.016528274125483595,0.03495083738863426,0.05538243153317863,0.007494276994437167,0.0,0.08901459831003422,0.01605117982922646,0.017330659987370597,37,22
isis,experiment_2026_09_isis,full,59,0.06930778100586053,0.014806176760955098,0.03753350120983175,0.0863269583842857,0.006607918427293172,0.004943502824858757,0.13870491655438408,0.0145936289087775,0.015163643603253783,37,22
godstow,experiment_2026_09_godstow,off,61,0.06965129660486957,0.02649252288193316,0.06057058530660798,0.07847834891681235,0.012856260659412321,0.03483606557377049,0.10774355777320577,0.028387340967114722,0.023133527185474935,39,22
godstow,experiment_2026_09_godstow,recession,61,0.07003646221645034,0.02578420266615885,0.06072868018871134,0.07909137810951733,0.00998091436330331,0.0,0.10860610463390603,0.027569727743745005,0.022618953664983385,39,22
godstow,experiment_2026_09_godstow,full,61,0.0833087599568329,0.020934522993429718,0.05382513037617918,0.10072259839723498,0.008881408111370682,0.007991803278688524,0.15499460982100327,0.02115259355142473,0.020547943367893114,39,22
wallingford,experiment_2026_09_wallingford,off,62,0.10195047609730364,0.036877953715037735,0.0727891413008118,0.1196206853733715,0.019782178593134535,0.11693548387096772,0.1627448569134392,0.0328798753607178,0.04320824444271098,38,24
wallingford,experiment_2026_09_wallingford,recession,62,0.10875659920381794,0.03454152428456781,0.07686327792482726,0.12844037315241305,0.01180057752594833,0.0,0.17684359871239377,0.03127770558521526,0.03970923722520934,38,24
wallingford,experiment_2026_09_wallingford,full,62,0.1252976059905061,0.026670257266337972,0.06600346355174501,0.15633152785660293,0.008206194763899277,0.00793010752688172,0.24035675627671824,0.02210941126019294,0.0338915967760676,38,24
